Heure;Source;IP_Destination;Port_Destination;Flags;Taille
15:34:04.766656;BP-Linux8.ssh;192.168.190.130;50019;P.;108
15:34:04.766694;BP-Linux8.ssh;192.168.190.130;50019;P.;36
15:34:04.766723;BP-Linux8.ssh;192.168.190.130;50019;P.;108
15:34:04.766744;BP-Linux8.ssh;192.168.190.130;50019;P.;36
15:34:06.669906;BP-Linux8.ssh;192.168.190.130;50245;P.;36
15:34:06.681188;BP-Linux8.ssh;192.168.190.130;50245;P.;116
15:34:06.681222;BP-Linux8.ssh;192.168.190.130;50245;P.;36
15:34:06.711807;BP-Linux8.ssh;192.168.190.130;50245;P.;36
15:34:06.711903;BP-Linux8.ssh;192.168.190.130;50245;P.;360
15:34:06.712173;BP-Linux8.ssh;192.168.190.130;50245;P.;68
15:34:11.425587;BP-Linux8.ssh;192.168.190.130;50245;P.;116
15:34:11.613471;BP-Linux8.ssh;192.168.190.130;50245;P.;220
15:34:12.685733;BP-Linux8.ssh;192.168.190.130;50245;P.;36
15:34:12.689481;BP-Linux8.ssh;192.168.190.130;50245;P.;92
15:34:12.689514;BP-Linux8.ssh;192.168.190.130;50245;P.;36
15:34:12.689741;BP-Linux8.ssh;192.168.190.130;50245;P.;100
15:34:12.689769;BP-Linux8.ssh;192.168.190.130;50245;P.;36
15:34:13.688952;BP-Linux8.ssh;192.168.190.130;50245;P.;100
15:34:14.688957;BP-Linux8.ssh;192.168.190.130;50245;P.;100
15:34:15.688951;BP-Linux8.ssh;192.168.190.130;50245;P.;100
15:34:16.688978;BP-Linux8.ssh;192.168.190.130;50245;P.;100
15:34:17.688952;BP-Linux8.ssh;192.168.190.130;50245;P.;100
15:34:18.726941;BP-Linux8.ssh;192.168.190.130;50245;P.;100
15:34:19.726599;BP-Linux8.ssh;192.168.190.130;50245;P.;100
15:34:20.725665;BP-Linux8.ssh;192.168.190.130;50245;P.;100
15:34:21.724950;BP-Linux8.ssh;192.168.190.130;50245;P.;100
15:34:22.724929;BP-Linux8.ssh;192.168.190.130;50245;P.;100
15:34:23.724916;BP-Linux8.ssh;192.168.190.130;50245;P.;100
15:34:24.724918;BP-Linux8.ssh;192.168.190.130;50245;P.;100
15:34:25.724955;BP-Linux8.ssh;192.168.190.130;50245;P.;100
15:34:26.724955;BP-Linux8.ssh;192.168.190.130;50245;P.;100
15:34:27.724945;BP-Linux8.ssh;192.168.190.130;50245;P.;100
15:34:28.724935;BP-Linux8.ssh;192.168.190.130;50245;P.;100
15:34:29.724929;BP-Linux8.ssh;192.168.190.130;50245;P.;100
15:34:30.725673;BP-Linux8.ssh;192.168.190.130;50245;P.;100
15:34:31.725234;BP-Linux8.ssh;192.168.190.130;50245;P.;100
15:34:32.724947;BP-Linux8.ssh;192.168.190.130;50245;P.;100
15:34:32.865322;BP-Linux8.ssh;192.168.190.130;50374;P.;36
15:34:33.724989;BP-Linux8.ssh;192.168.190.130;50245;P.;100
15:34:34.724946;BP-Linux8.ssh;192.168.190.130;50245;P.;100
15:34:35.724942;BP-Linux8.ssh;192.168.190.130;50245;P.;100
15:34:36.724971;BP-Linux8.ssh;192.168.190.130;50245;P.;100
15:34:37.724981;BP-Linux8.ssh;192.168.190.130;50245;P.;100
15:34:38.724946;BP-Linux8.ssh;192.168.190.130;50245;P.;100
15:34:39.724957;BP-Linux8.ssh;192.168.190.130;50245;P.;100
15:34:40.724957;BP-Linux8.ssh;192.168.190.130;50245;P.;100
15:34:41.724954;BP-Linux8.ssh;192.168.190.130;50245;P.;100
15:34:42.724963;BP-Linux8.ssh;192.168.190.130;50245;P.;100
15:34:43.724924;BP-Linux8.ssh;192.168.190.130;50245;P.;100
15:34:44.724950;BP-Linux8.ssh;192.168.190.130;50245;P.;100
15:34:45.724964;BP-Linux8.ssh;192.168.190.130;50245;P.;100
15:34:46.724940;BP-Linux8.ssh;192.168.190.130;50245;P.;100
15:34:47.724924;BP-Linux8.ssh;192.168.190.130;50245;P.;100
15:34:48.724909;BP-Linux8.ssh;192.168.190.130;50245;P.;100
15:34:49.724963;BP-Linux8.ssh;192.168.190.130;50245;P.;100
15:34:50.724966;BP-Linux8.ssh;192.168.190.130;50245;P.;100
15:34:51.724959;BP-Linux8.ssh;192.168.190.130;50245;P.;100
15:34:52.724969;BP-Linux8.ssh;192.168.190.130;50245;P.;100
15:34:53.724962;BP-Linux8.ssh;192.168.190.130;50245;P.;100
15:34:53.869601;BP-Linux8.ssh;192.168.190.130;50245;P.;228
